label,mean_dice,mean_hausdorff95_distance,mean_jaccard,stdev_dice,stdev_hausdorff95_distance,stdev_jaccard
1,0.5197080786838986,66.45443696234946,0.3512868395171298,0.018097960479013853,10.383053886844714,0.016520752066017858
2,0.6496308500603649,68.25948484896637,0.48107699864789855,0.0007918156813634947,10.518684715958162,0.0008684588157902018
3,0.286757684831186,73.48893910912466,0.16763616183497165,0.025514738994798447,10.093355666742802,0.017389210881808045
