subject_id,label,dice,hausdorff95_distance,jaccard
1,1,0.5016101182048848,76.83749084919418,0.3347660874511119
1,2,0.6488390343790014,78.77816956492453,0.48020853983210837
1,3,0.31227242382598447,83.58229477586745,0.1850253727167797
2flip,1,0.5378060391629125,56.071383075504755,0.36780759158314763
2flip,2,0.6504226657417284,57.7408001330082,0.4819454574636888
2flip,3,0.2612429458363876,63.39558344238185,0.15024695095316362
