label,mean_dice,mean_hausdorff95_distance,mean_jaccard,stdev_dice,stdev_hausdorff95_distance,stdev_jaccard
1,0.6713429608069466,76.40026177965623,0.5052793467414887,0.0,0.0,0.0
2,0.4936914280356771,79.14543574963751,0.3277491990846682,0.0,0.0,0.0
3,0.24733761411084573,84.15461959987698,0.14112108304610377,0.0,0.0,0.0
