subject_id,label,dice,hausdorff95_distance,jaccard
1,1,0.6713429608069466,76.40026177965623,0.5052793467414887
1,2,0.4936914280356771,79.14543574963751,0.3277491990846682
1,3,0.24733761411084573,84.15461959987698,0.14112108304610377
