subject_id,label,dice,hausdorff95_distance,jaccard
8,1,0.5256690528794301,67.91906948714772,0.3565475267992467
8,2,0.683608776609999,69.89992846920518,0.5193051765033452
8,3,0.2208737183501416,72.94621302034908,0.1241472966974082
8flip,1,0.5256690528794301,67.91906948714772,0.3565475267992467
8flip,2,0.683608776609999,69.89992846920518,0.5193051765033452
8flip,3,0.2208737183501416,72.94621302034908,0.1241472966974082
