label,mean_dice,mean_hausdorff95_distance,mean_jaccard,stdev_dice,stdev_hausdorff95_distance,stdev_jaccard
1,0.12086615727852475,58.33523806414096,0.064320142892791,0.0,0.0,0.0
2,0.1960090477374735,54.57059644178131,0.10865301042205516,0.0,0.0,0.0
3,0.06984986961695233,53.376024580330075,0.03618882724065111,0.0,0.0,0.0
