subject_id,label,dice,hausdorff95_distance,jaccard
8,1,0.12086615727852475,58.33523806414096,0.064320142892791
8,2,0.1960090477374735,54.57059644178131,0.10865301042205516
8,3,0.06984986961695233,53.376024580330075,0.03618882724065111
