label,mean_dice,mean_hausdorff95_distance,mean_jaccard,stdev_dice,stdev_hausdorff95_distance,stdev_jaccard
1,0.592315352626752,,0.42216136958353867,0.04426430787788395,,0.044192616472877706
2,0.5727698816186966,,0.4032769303103773,0.05323802327876176,,0.05266112760484188
3,0.28623904391040456,,0.16859643730811397,0.0615393558131272,,0.04381468992738308
