label,mean_dice,mean_hausdorff95_distance,mean_jaccard,stdev_dice,stdev_hausdorff95_distance,stdev_jaccard
1,0.5023740691261862,,0.3376356343964877,0.0603491541301809,,0.054372239057442526
2,0.6590991843578948,,0.49257943984642416,0.035770344553816454,,0.03918446763107092
3,0.28983742753691205,,0.16978492575708815,0.02759444785268391,,0.018933377482180484
