label,mean_dice,mean_hausdorff95_distance,mean_jaccard,stdev_dice,stdev_hausdorff95_distance,stdev_jaccard
1,0.5244984316490102,57.06888678627149,0.35685598582220923,0.0471127069806314,11.603540880943513,0.04340955291866567
2,0.6682892822443413,58.53057769999788,0.5034262286038196,0.04369182073760338,12.001415364126315,0.04875130111535125
3,0.24442547620783883,62.3463014149833,0.1397177855739713,0.03632028371051444,12.617743424373435,0.02367111145262328
