label,mean_dice,mean_hausdorff95_distance,mean_jaccard,stdev_dice,stdev_hausdorff95_distance,stdev_jaccard
1,0.5246706932265126,57.17132130029379,0.3563862246312032,0.03555055398531981,11.670048019548732,0.031409022507687026
2,0.6649149993949723,58.85810335429667,0.4986990397123686,0.028112273830415025,12.131257877050368,0.031689759238767545
3,0.22326653130681967,63.46384582870167,0.12667217301860906,0.05308710023378462,13.047615545231306,0.03385058530991976
