subject_id,label,dice,hausdorff95_distance,jaccard
8,1,0.501432664756447,67.68308503607086,0.33460803059273425
8,2,0.7030454495563117,70.26378868236469,0.542074083718508
8,3,0.1923616590053338,72.81483365359011,0.10641600957605568
