label,mean_dice,mean_hausdorff95_distance,mean_jaccard,stdev_dice,stdev_hausdorff95_distance,stdev_jaccard
1,0.5418183503694747,48.18978421433157,0.37173948108317606,0.016149297490044623,19.729285272816153,0.015191954283929388
2,0.6608262880931455,49.41457599142312,0.49389059068442154,0.02278248851685344,20.485352477782055,0.02541458581892364
3,0.2367635232211665,51.7456308594758,0.13436992823240243,0.015889804871024912,21.200582160873275,0.010222631534994225
