label,mean_dice,mean_hausdorff95_distance,mean_jaccard,stdev_dice,stdev_hausdorff95_distance,stdev_jaccard
1,0.501432664756447,67.68308503607086,0.33460803059273425,0.0,0.0,0.0
2,0.7030454495563117,70.26378868236469,0.542074083718508,0.0,0.0,0.0
3,0.1923616590053338,72.81483365359011,0.10641600957605568,0.0,0.0,0.0
