subject_id,label,dice,hausdorff95_distance,jaccard
1,1,0.4988325863461969,76.38062581571324,0.3322964392972341
1,2,0.6510845619704178,78.82892870006543,0.4826726298881155
1,3,0.28662213143764986,83.64209466530593,0.16728483348401535
