label,mean_dice,mean_hausdorff95_distance,mean_jaccard,stdev_dice,stdev_hausdorff95_distance,stdev_jaccard
1,0.5443046807639669,57.15691740111326,0.37442515456310865,0.0282566333583081,11.619726367887793,0.026341544858590492
2,0.6498649397649765,58.71873986712724,0.4817042023922725,0.02129136438747915,12.046144130660325,0.023523939670964663
3,0.24661768216624003,62.03333275324259,0.14121031554128594,0.03864367097548025,12.449272031854036,0.0253130868856552
