label,mean_dice,mean_hausdorff95_distance,mean_jaccard,stdev_dice,stdev_hausdorff95_distance,stdev_jaccard
1,0.6218806831866686,60.41522986797286,0.45125315028938334,0.0,0.0,0.0
2,0.4561526296048536,63.94528911499267,0.29546484863209094,0.0,0.0,0.0
3,0.17164390869570154,68.37397165588672,0.09387881797864416,0.0,0.0,0.0
