subject_id,label,dice,hausdorff95_distance,jaccard
7,1,0.6218806831866686,60.41522986797286,0.45125315028938334
7,2,0.4561526296048536,63.94528911499267,0.29546484863209094
7,3,0.17164390869570154,68.37397165588672,0.09387881797864416
