label,mean_dice,mean_hausdorff95_distance,mean_jaccard,stdev_dice,stdev_hausdorff95_distance,stdev_jaccard
1,0.5256690528794301,67.91906948714772,0.3565475267992467,0.0,0.0,0.0
2,0.683608776609999,69.89992846920518,0.5193051765033452,0.0,0.0,0.0
3,0.2208737183501416,72.94621302034908,0.1241472966974082,0.0,0.0,0.0
