subject_id,label,dice,hausdorff95_distance,jaccard
3,1,0.5579676478595194,28.460498941515414,0.38693143536710545
3,2,0.6380437995762921,28.92922351364107,0.4684760048654979
3,3,0.25265332809219143,30.54504869860253,0.14459255976739666
8flip,1,0.5256690528794301,67.91906948714772,0.3565475267992467
8flip,2,0.683608776609999,69.89992846920518,0.5193051765033452
8flip,3,0.2208737183501416,72.94621302034908,0.1241472966974082
