label,mean_dice,mean_hausdorff95_distance,mean_jaccard,stdev_dice,stdev_hausdorff95_distance,stdev_jaccard
1,0.6103999693803345,57.97413216254297,0.43926306558020034,0.0,0.0,0.0
2,0.5852025276599194,58.89821729050889,0.413629893395266,0.0,0.0,0.0
3,0.2564835464581328,65.62659516231507,0.14710704102453362,0.0,0.0,0.0
