subject_id,label,dice,hausdorff95_distance,jaccard
4,1,0.6103999693803345,57.97413216254297,0.43926306558020034
4,2,0.5852025276599194,58.89821729050889,0.413629893395266
4,3,0.2564835464581328,65.62659516231507,0.14710704102453362
