subject_id,label,dice,hausdorff_distance,jaccard
8,1,0.5256690528794301,73.93240155709809,0.3565475267992467
8,2,0.683608776609999,75.41883053985921,0.5193051765033452
8,3,0.2208737183501416,76.28237017817419,0.1241472966974082
8flip,1,0.5256690528794301,73.93240155709809,0.3565475267992467
8flip,2,0.683608776609999,75.41883053985921,0.5193051765033452
8flip,3,0.2208737183501416,76.28237017817419,0.1241472966974082
