label,mean_dice,mean_hausdorff_distance,mean_jaccard,stdev_dice,stdev_hausdorff_distance,stdev_jaccard
1,0.5256690528794301,73.93240155709809,0.3565475267992467,0.0,0.0,0.0
2,0.683608776609999,75.41883053985921,0.5193051765033452,0.0,0.0,0.0
3,0.2208737183501416,76.28237017817419,0.1241472966974082,0.0,0.0,0.0
