label,mean_dice,mean_hausdorff95_distance,mean_jaccard,stdev_dice,stdev_hausdorff95_distance,stdev_jaccard
1,0.5491594603566591,57.35554960196392,0.3815714819445356,0.06730262837069359,11.547334318216302,0.06601675678813222
2,0.6814969619169988,58.68851182428717,0.5217496767364369,0.07482271841506415,12.47131026999593,0.08602010672960198
3,0.17252515558437545,62.52921460578979,0.09552505567307176,0.05833400061955434,12.562733941012866,0.035059333386115776
